{"base_spec":"/pa/units/orbital/base_orbital/base_orbital.json","display_name":"!LOC:Advanced Radar Satellite","description":"!LOC:Advanced radar satellite- Detects a vast area for enemy land, sea, and air units.","max_health":15000,"build_metal_cost":1,"spawn_layers":"WL_Orbital","gravwell_velocity_multiplier":6.0,"attachable":{"offsets":{"root":[0,0,0]}},"consumption":{"energy":0},"energy_efficiency_requirement":0.9,"unit_types":["UNITTYPE_Mobile","UNITTYPE_Orbital","UNITTYPE_Advanced","UNITTYPE_Recon","UNITTYPE_FactoryBuild"],"command_caps":["ORDER_Move","ORDER_Patrol","ORDER_Assist"],"navigation":{"type":"orbital","acceleration":10,"brake":10,"move_speed":10,"turn_speed":90,"hover_time":-1.0},"physics":{"radius":5,"gravity_scalar":0.001},"recon":{"observer":{"items":[{"layer":"surface_and_air","channel":"radar","shape":"capsule","radius":1000,"uses_energy":true},{"layer":"surface_and_air","channel":"sight","shape":"capsule","radius":600,"uses_energy":true},{"layer":"orbital","channel":"sight","shape":"capsule","radius":1200,"uses_energy":true},{"layer":"underwater","channel":"sight","shape":"capsule","radius":600,"uses_energy":true},{"layer":"underwater","channel":"radar","shape":"capsule","radius":1000,"uses_energy":true}]}},"model":{"filename":"/pa/units/orbital/radar_satellite_adv/radar_satellite_adv.papa","animations":{"open":"/pa/units/orbital/radar_satellite_adv/radar_satellite_adv_anim_open.papa","deploy":"/pa/units/orbital/radar_satellite_adv/radar_satellite_adv_anim_deploy.papa","closed":"/pa/units/orbital/radar_satellite_adv/radar_satellite_adv_anim_closed.papa"},"animtree":"/pa/anim/anim_trees/satellite_launched_anim_tree.json"},"events":{"build_complete":{"audio_cue":"/SE/Build_Complete/orbital"},"fired":{"audio_cue":"/SE/Weapons/air/bomber_fire"},"died":{"audio_cue":"/SE/Death/orbital","effect_spec":"/pa/units/air/base_flyer/base_flyer_death_t2.pfx","effect_scale":1.0}},"fx_offsets":[{"type":"energy","filename":"/pa/units/orbital/radar_satellite_adv/radar_satellite_adv_dish01_on.pfx","bone":"bone_radarPivot01"},{"type":"energy","filename":"/pa/units/orbital/radar_satellite_adv/radar_satellite_adv_dish02_on.pfx","bone":"bone_radarPivot02"},{"type":"energy","filename":"/pa/units/orbital/radar_satellite_adv/radar_satellite_adv_antenna_on.pfx","bone":"bone_antenna01"},{"type":"energy","filename":"/pa/units/orbital/radar_satellite_adv/radar_satellite_adv_antenna_on.pfx","bone":"bone_antenna02"}],"audio":{"selection_response":{"cue":"/SE/Selection/orbital/radar"}},"selection_icon":{"diameter":40.0},"mesh_bounds":[25,15,15],"TEMP_texelinfo":22.7385,"energy":600000,"energy_demand":1,"metal":70000}