{"display_name":"!LOC:Land Mine","description":"!LOC:Land mine- Detonates when enemy units are in proximity.","strategic_icon_priority":3,"max_health":45,"build_metal_cost":1,"wreckage_health_frac":0.0,"spawn_layers":"WL_AnyHorizontalGroundOrWaterSurface","area_build_type":"Sphere","area_build_separation":1.0,"unit_types":["UNITTYPE_Structure","UNITTYPE_Land","UNITTYPE_Naval","UNITTYPE_Defense","UNITTYPE_CombatFabBuild","UNITTYPE_CombatFabAdvBuild"],"physics":{"type":"Structure","collision_layers":"WL_AnyHorizontalGroundOrWaterSurface","shape":"Box","radius":1,"allow_pushing":false,"push_sideways":false,"allow_underground":false,"collide_with_types":["Projectile"]},"recon":{"observable":{"layer":"mine"},"observer":{"items":[{"layer":"surface_and_air","channel":"radar","shape":"sphere","radius":2},{"layer":"underwater","channel":"radar","shape":"sphere","radius":2}]}},"tools":[{"spec_id":"/pa/units/land/land_mine/land_mine_tool_weapon.json","aim_bone":"bone_root","muzzle_bone":"bone_root"}],"model":[{"layer":"WL_LandHorizontal","filename":"/pa/units/land/land_mine/land_mine.papa"},{"layer":"WL_WaterSurface","filename":"/pa/units/sea/sea_mine/sea_mine.papa"}],"events":{"build_complete":{"audio_cue":"/SE/Build_Complete/barrier"},"died":{"audio_cue":"/SE/Death/barrier","effect_spec":"/pa/units/land/bot_bomb/bot_bomb_ammo_explosion.pfx"}},"selection_icon":{"diameter":7.0},"mesh_bounds":[4.0,4.0,1.0],"TEMP_texelinfo":2.37699,"energy":600000,"energy_demand":1,"metal":70000}