{"base_spec":"/pa/units/sea/base_ship/base_ship.json","display_name":"!LOC:Narwhal","description":"!LOC:Frigate- Durable. Rapid-fire. Attacks land, air, and sea targets.","max_health":6750,"build_metal_cost":1,"spawn_layers":"WL_WaterSurface","mesh_bounds":[6,15,8],"unit_types":["UNITTYPE_Naval","UNITTYPE_Mobile","UNITTYPE_Offense","UNITTYPE_Basic","UNITTYPE_AirDefense","UNITTYPE_FactoryBuild"],"guard_layer":"WL_AnySurface","navigation":{"type":"deepwater","acceleration":30,"brake":90,"move_speed":9,"turn_speed":60,"turn_accel":30},"physics":{"shape":"sphere","radius":3},"recon":{"observer":{"items":[{"layer":"surface_and_air","channel":"sight","shape":"capsule","radius":180},{"layer":"underwater","channel":"sight","shape":"capsule","radius":180}]}},"model":{"filename":"/pa/units/sea/frigate/frigate.papa","animtree":"/pa/anim/anim_trees/frigate_anim_tree.json"},"nearby_target_tick_update_interval":3,"tools":[{"spec_id":"/pa/units/sea/frigate/frigate_tool_weapon_shell.json","aim_bone":"bone_pitch01","record_index":0,"fire_event":"fired0","muzzle_bone":["socket_muzzle01"]},{"spec_id":"/pa/units/sea/frigate/frigate_tool_weapon_aa.json","aim_bone":"bone_pitch02","record_index":1,"fire_event":"fired1","muzzle_bone":["socket_rightMuzzle02","socket_leftMuzzle02"]}],"events":{"build_complete":{"audio_cue":"/SE/Build_Complete/sea"},"fired0":{"audio_cue":"/SE/Weapons/sea/frigate_fire_1","effect_spec":"/pa/effects/specs/default_muzzle_flash.pfx socket_muzzle01","effect_scale":0.5},"fired1":{"audio_cue":"/SE/Weapons/sea/frigate_fire_1","effect_spec":"/pa/effects/specs/default_muzzle_flash.pfx socket_rightMuzzle02 /pa/effects/specs/default_muzzle_flash.pfx socket_rightMuzzle02","effect_scale":0.5},"fired2":{"audio_cue":"/SE/Weapons/sea/torpedo_fire","effect_spec":"/pa/effects/specs/tank_muzzle_flash.pfx socket_torpedoMuzzle","effect_scale":5.0},"died":{"audio_cue":"/SE/Death/Sea_large","effect_spec":"/pa/effects/specs/default_explosion_naval.pfx","effect_scale":0.7}},"audio":{"loops":{"move":{"cue":"/SE/Movement/sea/frigate_loop","flag":"vel_changed","should_start_func":"is_moving","should_stop_func":"is_not_moving"}}},"fx_offsets":[{"type":"moving_forward","filename":"/pa/units/sea/frigate/frigate_wake.pfx"}],"selection_icon":{"diameter":23.0},"TEMP_texelinfo":19.1546,"energy":600000,"energy_demand":1,"metal":70000}