{"base_spec":"/pa/units/sea/base_ship/base_ship.json","display_name":"!LOC:Orca","description":"!LOC:Destroyer- Long-range. High damage. Very durable. Attacks land, sea and undersea targets.","build_metal_cost":1,"max_health":13500,"spawn_layers":"WL_DeepWater","mesh_bounds":[4,24,7],"unit_types":["UNITTYPE_Naval","UNITTYPE_Mobile","UNITTYPE_Offense","UNITTYPE_Basic","UNITTYPE_FactoryBuild"],"guard_layer":"WL_AnySurface","navigation":{"type":"deepwater","acceleration":30,"brake":90,"move_speed":9,"turn_speed":45,"turn_accel":15,"park_stamp_type":"box","park_stamp_cost":20},"physics":{"shape":"sphere","radius":3},"recon":{"observer":{"items":[{"layer":"surface_and_air","channel":"sight","shape":"capsule","radius":180},{"layer":"underwater","channel":"sight","shape":"capsule","radius":180}]}},"model":{"filename":"/pa/units/sea/destroyer/destroyer.papa","animtree":"/pa/anim/anim_trees/destroyer_anim_tree.json"},"nearby_target_tick_update_interval":15,"tools":[{"spec_id":"/pa/units/sea/destroyer/destroyer_tool_weapon.json","record_index":0,"fire_event":"fired0","aim_bone":"bone_pitch01","projectiles_per_fire":2,"muzzle_bone":["socket_leftMuzzle01","socket_rightMuzzle01"]},{"spec_id":"/pa/units/sea/destroyer/destroyer_tool_weapon.json","record_index":1,"fire_event":"fired1","aim_bone":"bone_pitch02","projectiles_per_fire":2,"muzzle_bone":["socket_leftMuzzle02","socket_rightMuzzle02"]},{"spec_id":"/pa/units/sea/destroyer/destroyer_tool_torpedo.json","record_index":2,"aim_bone":"bone_root","muzzle_bone":"bone_root","fire_event":"fired2","show_range":false}],"events":{"build_complete":{"audio_cue":"/SE/Build_Complete/sea"},"fired0":{"audio_cue":"/SE/Weapons/sea/destroyer_fire","effect_spec":"/pa/effects/specs/tank_muzzle_flash.pfx socket_rightMuzzle01 /pa/effects/specs/tank_muzzle_flash.pfx socket_leftMuzzle01","effect_scale":5.0},"fired1":{"audio_cue":"/SE/Weapons/sea/destroyer_fire","effect_spec":"/pa/effects/specs/tank_muzzle_flash.pfx socket_rightMuzzle02 /pa/effects/specs/tank_muzzle_flash.pfx socket_leftMuzzle02","effect_scale":5.0},"fired2":{"audio_cue":"/SE/Weapons/sea/torpedo_fire","effect_spec":"/pa/effects/specs/tank_muzzle_flash.pfx socket_torpedoMuzzle","effect_scale":5.0},"died":{"audio_cue":"/SE/Death/Sea_large","effect_spec":"/pa/effects/specs/default_explosion_naval.pfx","effect_scale":1}},"audio":{"loops":{"move":{"cue":"/SE/Movement/sea/destroyer_loop","flag":"vel_changed","should_start_func":"is_moving","should_stop_func":"is_not_moving"}}},"fx_offsets":[{"type":"moving_forward","filename":"/pa/units/sea/destroyer/destroyer_wake.pfx"}],"selection_icon":{"diameter":22.0},"TEMP_texelinfo":22.1895,"energy":600000,"energy_demand":1,"metal":70000}