{"base_spec":"/pa/units/land/base_structure/base_structure.json","display_name":"!LOC:Jellyfish","description":"!LOC:Sea mine- Detonates when ships are in proximity.","max_health":150,"build_metal_cost":1,"spawn_layers":"WL_WaterSurface","unit_types":["UNITTYPE_Structure","UNITTYPE_Naval","UNITTYPE_Defense","UNITTYPE_Basic"],"recon":{"observer":{"items":[{"layer":"surface_and_air","channel":"sight","shape":"capsule","radius":1}]}},"model":{"filename":"/pa/units/sea/sea_mine/sea_mine.papa"},"events":{"build_complete":{"audio_cue":"/SE/Build_Complete/sea"},"died":{"audio_cue":"/SE/Death/Sea"}},"TEMP_texelinfo":2.37699,"mesh_bounds":[4,4,1],"energy":600000,"energy_demand":1,"metal":70000}