{"base_spec":"/pa/units/land/base_bot/base_bot.json","display_name":"!LOC:Grenadier","description":"!LOC:Fire Support- Long-range. Can fire over walls. Attacks land and sea targets.","max_health":240,"build_metal_cost":1,"attachable":{"offsets":{"root":[0,0,0],"head":[0,0,4]}},"unit_types":["UNITTYPE_Bot","UNITTYPE_Mobile","UNITTYPE_Offense","UNITTYPE_Artillery","UNITTYPE_Land","UNITTYPE_Basic","UNITTYPE_FactoryBuild","UNITTYPE_CannonBuildable"],"transportable":{"size":1},"guard_layer":"WL_AnySurface","navigation":{"type":"land-small","acceleration":120,"brake":-1,"move_speed":12,"turn_speed":720},"physics":{"radius":2.0},"recon":{"observer":{"items":[{"layer":"surface_and_air","channel":"sight","shape":"capsule","radius":130},{"layer":"underwater","channel":"sight","shape":"capsule","radius":130}]}},"model":{"filename":"/pa/units/land/bot_grenadier/bot_grenadier.papa","animations":{"death01":"/pa/units/land/bot_grenadier/bot_grenadier_anim_death.papa","walk":"/pa/units/land/bot_grenadier/bot_grenadier_anim_run.papa","idle":"/pa/units/land/bot_grenadier/bot_grenadier_anim_idle.papa"},"animtree":"/pa/anim/anim_trees/bot_grenadier_anim_tree.json","walk_speed":12},"tools":[{"spec_id":"/pa/units/land/bot_grenadier/bot_grenadier_tool_weapon.json","aim_bone":"bone_leftRecoil","muzzle_bone":"socket_leftMuzzle"},{"spec_id":"/pa/units/land/bot_grenadier/bot_grenadier_tool_weapon.json","aim_bone":"bone_rightRecoil","muzzle_bone":"socket_rightMuzzle"}],"events":{"build_complete":{"audio_cue":"/SE/Build_Complete/bot"},"fired":{"audio_cue":"/SE/Weapons/bot/grenadier_fire","effect_spec":"/pa/effects/specs/default_small_muzzle_flash.pfx socket_rightMuzzle /pa/effects/specs/default_small_muzzle_flash.pfx socket_leftMuzzle"},"died":{"audio_cue":"/SE/Death/Bot","effect_scale":1.0}},"audio":{"loops":{"move":{"cue":"/SE/Movement/bot/grenadier_loop","flag":"vel_changed","should_start_func":"is_moving","should_stop_func":"is_not_moving"}},"selection_response":{"cue":"/SE/Selection/bot/grenadier"}},"selection_icon":{"diameter":9.0},"mesh_bounds":[5,5,4.7],"TEMP_texelinfo":4.07719,"energy":600000,"energy_demand":1,"metal":70000}