{"base_spec":"/pa/units/land/base_structure/base_structure.json","display_name":"!LOC:Advanced Metal Extractor","description":"!LOC:Advanced manufacturing- Produces metal, can only be placed on metal deposits.","strategic_icon_priority":5,"max_health":45000,"build_metal_cost":1,"atrophy_rate":33.3333,"atrophy_cool_down":15.0,"spawn_layers":"WL_AnyHorizontalGroundOrWaterSurface","feature_requirements":["metal_spot"],"force_snap_to_feature_orientation":true,"area_build_type":"Sphere","production":{"metal":200},"consumption":{"energy":0},"unit_types":["UNITTYPE_Structure","UNITTYPE_Advanced","UNITTYPE_MetalProduction","UNITTYPE_FabAdvBuild","UNITTYPE_Economy"],"recon":{"observer":{"items":[{"layer":"surface_and_air","channel":"sight","shape":"capsule","radius":100},{"layer":"underwater","channel":"sight","shape":"capsule","radius":100}]}},"model":[{"layer":"WL_LandHorizontal","filename":"/pa/units/land/metal_extractor_adv/metal_extractor_adv.papa","animations":{"idle":"/pa/units/land/metal_extractor_adv/metal_extractor_adv_anim_work.papa"},"animtree":"/pa/anim/anim_trees/constant_idle_anim_tree.json","arrows":10},{"layer":"WL_WaterSurface","filename":"/pa/units/sea/sea_metal_extractor_adv/sea_metal_extractor_adv.papa","animations":{"idle":"/pa/units/sea/sea_metal_extractor_adv/sea_metal_extractor_adv_anim_work.papa"},"animtree":"/pa/anim/anim_trees/constant_idle_anim_tree.json","arrows":10}],"replaceable_units":["/pa/units/land/metal_extractor/metal_extractor.json"],"events":{"build_complete":{"audio_cue":"/SE/Build_Complete/metal"},"died":{"audio_cue":"/SE/Death/Factory","effect_scale":0.8}},"audio":{"selection_response":{"cue":"/SE/Selection/structure/metal"}},"lamps":[{"offset":[0.0,-2.273,8.746],"radius":5.0,"color":[1.0,0.0,0.0],"intensity":1.0}],"selection_icon":{"diameter":28.0},"mesh_bounds":[15.5,13.3685,23.2],"placement_size":[16,16],"TEMP_texelinfo":24.4307,"energy":600000,"energy_demand":1,"metal":70000}