{"base_spec":"/pa/units/land/base_structure/base_structure.json","display_name":"!LOC:Advanced Radar","description":"!LOC:Advanced radar- Detects nearby enemy land, sea, and air units.","max_health":4500,"build_metal_cost":1,"consumption":{"energy":0},"energy_efficiency_requirement":0.9,"atrophy_rate":80.0,"atrophy_cool_down":15.0,"spawn_layers":"WL_AnySurface","area_build_type":"Sphere","area_build_separation":200,"unit_types":["UNITTYPE_Land","UNITTYPE_Structure","UNITTYPE_Advanced","UNITTYPE_Recon","UNITTYPE_FabAdvBuild"],"physics":{"collision_layers":"WL_AnySurface"},"recon":{"observer":{"items":[{"layer":"surface_and_air","channel":"sight","shape":"capsule","radius":300,"uses_energy":true},{"layer":"surface_and_air","channel":"radar","shape":"capsule","radius":900,"uses_energy":true},{"layer":"orbital","channel":"sight","shape":"capsule","radius":1200,"uses_energy":true},{"layer":"underwater","channel":"sight","shape":"capsule","radius":300,"uses_energy":true},{"layer":"underwater","channel":"radar","shape":"capsule","radius":900,"uses_energy":true}]}},"model":[{"layer":"WL_LandHorizontal","filename":"/pa/units/land/radar_adv/radar_adv.papa","animations":{"start":"/pa/units/land/radar_adv/radar_adv_anim_start.papa","loop":"/pa/units/land/radar_adv/radar_adv_anim_loop.papa","end":"/pa/units/land/radar_adv/radar_adv_anim_end.papa"},"animtree":"/pa/anim/anim_trees/powered_loop_anim_tree.json","skirt_decal":"/pa/effects/specs/skirt_radar_adv.json"},{"layer":"WL_WaterSurface","filename":"/pa/units/sea/radar_adv/radar_adv.papa","animations":{"start":"/pa/units/land/radar_adv/radar_adv_anim_start.papa","loop":"/pa/units/land/radar_adv/radar_adv_anim_loop.papa","end":"/pa/units/land/radar_adv/radar_adv_anim_end.papa"},"animtree":"/pa/anim/anim_trees/powered_loop_anim_tree.json"}],"events":{"build_complete":{"audio_cue":"/SE/Build_Complete/radar"},"died":{"audio_cue":"/SE/Death/radar","effect_scale":0.9}},"fx_offsets":[{"type":"energy","filename":"/pa/units/land/radar_adv/radar_adv_top_on.pfx","bone":"bone_rotator","offset":[0,0.145,1.425],"orientation":[0,-45,0]},{"type":"energy","filename":"/pa/units/land/radar_adv/radar_adv_dish01_on.pfx","bone":"bone_dish01","offset":[0,-0.264,0.0],"orientation":[0,-90,0]},{"type":"energy","filename":"/pa/units/land/radar_adv/radar_adv_dish02_on.pfx","bone":"bone_dish02","offset":[0,-0.264,0.0],"orientation":[0,-90,0]}],"audio":{"selection_response":{"cue":"/SE/Selection/structure/radar"}},"lamps":[{"offset":[0.0,1.24,0.05],"radius":3.0,"color":[1.0,1.0,1.0],"intensity":2.0,"bone":"bone_elbow"}],"selection_icon":{"diameter":22.0},"mesh_bounds":[8.58559,7.71255,29],"TEMP_texelinfo":16.9774,"energy":600000,"energy_demand":1,"metal":70000}