{"display_name":"Base Structure","description":"Base Structure Description - If you're seeing this, something is wrong in your structure.","strategic_icon_priority":4,"max_health":9,"wreckage_health_frac":1.0,"build_metal_cost":1,"spawn_layers":"WL_LandHorizontal","armor_type":"AT_Structure","guard_radius":50,"unit_types":["UNITTYPE_Structure","UNITTYPE_NoBuild"],"physics":{"type":"Structure","shape":"Box","collision_layers":"WL_AnyHorizontalGroundOrWaterSurface","radius":1,"air_friction":1.0,"allow_pushing":false,"push_sideways":false,"allow_underground":false},"structure":{"cost_stamp":{"shape":"box","type_data":[{"move_type":"land-small","stamp_type":"structure"},{"move_type":"amphibious","stamp_type":"structure"},{"move_type":"amphibious-large","stamp_type":"structure"},{"move_type":"hover","stamp_type":"structure"},{"move_type":"hover-large","stamp_type":"structure"},{"move_type":"deepwater","stamp_type":"structure"},{"move_type":"underwater","stamp_type":"structure"}]}},"recon":{"observable":{"layer":"surface_and_air","show_ghost":true},"observer":{"items":[{"layer":"surface_and_air","channel":"sight","shape":"capsule","radius":100},{"layer":"underwater","channel":"sight","shape":"capsule","radius":120}]}},"events":{"build_complete":{"audio_cue":"/SE/Build_Complete/factory"},"fired":{"audio_cue":"/SE/Weapons/base/base_fire_laser"},"died":{"audio_cue":"/SE/Death/Factory","effect_spec":"/pa/effects/specs/default_building_explosion.pfx"},"destroyed":{"audio_cue":"/SE/Impacts/debris_destroyed"}},"audio":{"selection_response":{"cue":"/SE/Selection/structure/structure_small"}},"death":{"decals":["/pa/effects/specs/scorch_b_01.json"]},"TEMP_texelinfo":1.0,"energy":600000,"energy_demand":1,"metal":70000}