{"base_spec":"/pa/units/land/base_vehicle/base_vehicle.json","display_name":"!LOC:Advanced Fabrication Vehicle","description":"!LOC:Builder- Builds advanced structures. Durable. More powerful than other builders.","max_health":3600,"build_metal_cost":1,"attachable":{"offsets":{"root":[0,0,0],"head":[0,0.5,5]}},"buildable_types":"Structure & Land & Advanced - Factory | Factory & Land & Tank & Advanced | FabAdvBuild | FabBuild | Titan & (Tank | Naval)","unit_types":["UNITTYPE_Fabber","UNITTYPE_Construction","UNITTYPE_Tank","UNITTYPE_Mobile","UNITTYPE_Land","UNITTYPE_Advanced","UNITTYPE_FactoryBuild","UNITTYPE_CannonBuildable"],"command_caps":["ORDER_Move","ORDER_Patrol","ORDER_Build","ORDER_Reclaim","ORDER_Repair","ORDER_Assist","ORDER_Use"],"transportable":{"size":1},"guard_layer":"WL_LandHorizontal","navigation":{"type":"land-small","acceleration":120,"brake":120,"move_speed":12,"turn_speed":360,"group_preference":"back"},"physics":{"radius":3,"allow_pushing":true},"recon":{"observer":{"items":[{"layer":"surface_and_air","channel":"sight","shape":"capsule","radius":100},{"layer":"underwater","channel":"sight","shape":"capsule","radius":100}]}},"model":{"filename":"/pa/units/land/fabrication_vehicle_adv/fabrication_vehicle_adv.papa","animations":{"death01":"/pa/units/land/fabrication_vehicle_adv/fabrication_vehicle_adv_anim_death01.papa","drive":"/pa/units/land/fabrication_vehicle_adv/fabrication_vehicle_adv_anim_drive.papa"},"animtree":"/pa/anim/anim_trees/turret_wheels_anim_tree.json","arrows":5},"tools":[{"spec_id":"/pa/units/land/fabrication_vehicle_adv/fabrication_vehicle_adv_build_arm.json","aim_bone":"bone_root"}],"events":{"build_complete":{"audio_cue":"/SE/Build_Complete/fab"},"died":{"audio_cue":"/SE/Death/Veh","effect_spec":"/pa/effects/specs/default_explosion_bot_t2.pfx","effect_scale":1.0}},"audio":{"loops":{"build":{"cue":"/SE/Construction/Fab_contruction_beam_loop","flag":"build_target_changed","should_start_func":"has_build_target","should_stop_func":"no_build_target"},"move":{"cue":"/SE/Movement/veh/fab_loop_T2","flag":"vel_changed","should_start_func":"is_moving","should_stop_func":"is_not_moving"}},"selection_response":{"cue":"/SE/Selection/veh/fab_T2"}},"fx_offsets":[{"type":"build","filename":"/pa/effects/specs/fab_spray.pfx","bone":"socket_muzzle","offset":[0,0,0],"orientation":[0,0,0]}],"selection_icon":{"diameter":13.0},"TEMP_texelinfo":6.38729,"mesh_bounds":[5.2,6,4.6],"energy":600000,"energy_demand":1,"metal":70000}