{"base_spec":"/pa/units/orbital/base_orbital/base_orbital.json","display_name":"Hermes","description":"!LOC:Space Probe- Fast. Cheap. Expendable. Provides ground vision. Does not attack.","max_health":150,"build_metal_cost":1,"system_velocity_multiplier":22.0,"gravwell_velocity_multiplier":9.0,"attachable":{"offsets":{"root":[0,0,0]}},"energy_efficiency_requirement":0.9,"unit_types":["UNITTYPE_Mobile","UNITTYPE_Orbital","UNITTYPE_Basic","UNITTYPE_Scout","UNITTYPE_FactoryBuild"],"command_caps":["ORDER_Move","ORDER_Patrol","ORDER_Assist"],"navigation":{"type":"orbital","acceleration":75,"brake":75,"move_speed":75,"turn_speed":75,"hover_time":-1.0},"physics":{"radius":5,"gravity_scalar":0.001},"recon":{"observer":{"items":[{"layer":"surface_and_air","channel":"sight","shape":"capsule","radius":200,"uses_energy":true},{"layer":"orbital","channel":"sight","shape":"capsule","radius":600,"uses_energy":true},{"layer":"underwater","channel":"sight","shape":"capsule","radius":200,"uses_energy":true}]}},"model":{"filename":"/pa/units/orbital/orbital_probe/orbital_probe.papa","animations":{"closed":"/pa/units/orbital/orbital_probe/orbital_probe_anim_closed.papa","deploy":"/pa/units/orbital/orbital_probe/orbital_probe_anim_deploy.papa","flying":"/pa/units/orbital/orbital_probe/orbital_probe_anim_flying.papa","idle":"/pa/units/orbital/orbital_probe/orbital_probe_anim_idle.papa","start":"/pa/units/orbital/orbital_probe/orbital_probe_anim_start.papa","stop":"/pa/units/orbital/orbital_probe/orbital_probe_anim_stop.papa"},"animtree":"/pa/anim/anim_trees/orbital_probe_anim_tree.json"},"events":{"build_complete":{"audio_cue":"/SE/Build_Complete/radar"},"fired":{"audio_cue":"/SE/Weapons/air/bomber_fire"},"died":{"audio_cue":"/SE/Death/radar"}},"fx_offsets":[{"type":"energy","filename":"/pa/units/orbital/orbital_probe/orbital_probe_on.pfx","bone":"bone_body"},{"type":"energy","filename":"/pa/units/orbital/orbital_probe/orbital_probe_antenna_on.pfx","bone":"bone_antenna01"},{"type":"energy","filename":"/pa/units/orbital/orbital_probe/orbital_probe_antenna_on.pfx","bone":"bone_antenna02"},{"type":"energy","filename":"/pa/units/orbital/orbital_probe/orbital_probe_antenna_on.pfx","bone":"bone_antenna03"},{"type":"moving","filename":"/pa/units/air/gunship/gunship_jets.pfx","bone":"bone_body","offset":[0,-5.87,0],"orientation":[0,180,0]}],"audio":{"selection_response":{"cue":"/SE/Selection/orbital/radar"}},"selection_icon":{"diameter":28.0},"mesh_bounds":[20,20,15],"TEMP_texelinfo":10.6806,"energy":600000,"energy_demand":1,"metal":70000}