{"base_spec":"/pa/units/orbital/base_orbital/base_orbital.json","display_name":"ARKYD","description":"!LOC:Basic radar satellite- Detects a large area for enemy land, sea, and air units.","max_health":3000,"build_metal_cost":1,"gravwell_velocity_multiplier":6.0,"attachable":{"offsets":{"root":[0,0,0]}},"consumption":{"energy":0},"energy_efficiency_requirement":0.9,"unit_types":["UNITTYPE_Mobile","UNITTYPE_Orbital","UNITTYPE_Basic","UNITTYPE_Recon","UNITTYPE_FactoryBuild"],"command_caps":["ORDER_Move","ORDER_Patrol","ORDER_Assist"],"navigation":{"type":"orbital","acceleration":15,"brake":15,"move_speed":15,"turn_speed":90,"hover_time":-1.0},"physics":{"radius":5,"gravity_scalar":0.001},"recon":{"observer":{"items":[{"layer":"surface_and_air","channel":"radar","shape":"capsule","radius":600,"uses_energy":true},{"layer":"surface_and_air","channel":"sight","shape":"capsule","radius":300,"uses_energy":true},{"layer":"orbital","channel":"sight","shape":"capsule","radius":600,"uses_energy":true},{"layer":"underwater","channel":"sight","shape":"capsule","radius":300,"uses_energy":true},{"layer":"underwater","channel":"radar","shape":"capsule","radius":600,"uses_energy":true}]}},"model":{"filename":"/pa/units/orbital/radar_satellite/radar_satellite.papa","animations":{"open":"/pa/units/orbital/radar_satellite/radar_satellite_anim_open.papa","deploy":"/pa/units/orbital/radar_satellite/radar_satellite_anim_deploy.papa","closed":"/pa/units/orbital/radar_satellite/radar_satellite_anim_closed.papa"},"animtree":"/pa/anim/anim_trees/satellite_launched_anim_tree.json"},"events":{"build_complete":{"audio_cue":"/SE/Build_Complete/radar"},"fired":{"audio_cue":"/SE/Weapons/air/bomber_fire"},"died":{"audio_cue":"/SE/Death/radar"}},"fx_offsets":[{"type":"energy","filename":"/pa/units/orbital/radar_satellite/radar_satellite_on.pfx","bone":"bone_radar","offset":[0,-1.0,0.0],"orientation":[0,-90,0]},{"type":"energy","filename":"/pa/units/orbital/radar_satellite/radar_satellite_antenna_on.pfx","bone":"bone_antenna01"},{"type":"energy","filename":"/pa/units/orbital/radar_satellite/radar_satellite_antenna_on.pfx","bone":"bone_antenna02"}],"audio":{"selection_response":{"cue":"/SE/Selection/orbital/radar"}},"selection_icon":{"diameter":26.0},"mesh_bounds":[20,20,15],"TEMP_texelinfo":10.6806,"energy":600000,"energy_demand":1,"metal":70000}